<?xml version="1.0" encoding="UTF-8"?>
<project-private xmlns="http://www.netbeans.org/ns/project-private/1">
    <editor-bookmarks xmlns="http://www.netbeans.org/ns/editor-bookmarks/2" lastBookmarkId="0"/>
    <open-files xmlns="http://www.netbeans.org/ns/projectui-open-files/2">
        <group>
            <file>file:/C:/Users/Hyungs/OneDrive/Desktop/Han_Hyeyoung_003121713_assignments/Assignment2_Hyeyoung%20Han/src/ui/VehicleService/ManageVehiclesJPanel.java</file>
            <file>file:/C:/Users/Hyungs/OneDrive/Desktop/Han_Hyeyoung_003121713_assignments/Assignment2_Hyeyoung%20Han/src/ui/VehicleService/ViewDetailsJPanel.java</file>
            <file>file:/C:/Users/Hyungs/OneDrive/Desktop/Han_Hyeyoung_003121713_assignments/Assignment2_Hyeyoung%20Han/src/ui/VehicleService/ServicesJPanel.java</file>
            <file>file:/C:/Users/Hyungs/OneDrive/Desktop/Han_Hyeyoung_003121713_assignments/Assignment2_Hyeyoung%20Han/src/ui/VehicleService/VehicleOwnerJPanel.java</file>
        </group>
    </open-files>
</project-private>
